"Periode ke-","date","value = indeks harga konsumen",""
"1","1947-01-01","21.48",""
"2","1947-02-01","21.62",""
"3","1947-03-01","22",""
"4","1947-04-01","22",""
"5","1947-05-01","21.95",""
"6","1947-06-01","22.08",""
"7","1947-07-01","22.23",""
"8","1947-08-01","22.4",""
"9","1947-09-01","22.84",""
"10","1947-10-01","22.91",""
"11","1947-11-01","23.06",""
"12","1947-12-01","23.41",""
"13","1948-01-01","23.68",""
"14","1948-02-01","23.67",""
"15","1948-03-01","23.5",""
"16","1948-04-01","23.82",""
"17","1948-05-01","24.01",""
"18","1948-06-01","24.15",""
"19","1948-07-01","24.4",""
"20","1948-08-01","24.43",""
"21","1948-09-01","24.36",""
"22","1948-10-01","24.31",""
"23","1948-11-01","24.16",""
"24","1948-12-01","24.05",""
"25","1949-01-01","24.01",""
"26","1949-02-01","23.91",""
"27","1949-03-01","23.91",""
"28","1949-04-01","23.92",""
"29","1949-05-01","23.91",""
"30","1949-06-01","23.92",""
"31","1949-07-01","23.7",""
"32","1949-08-01","23.7",""
"33","1949-09-01","23.75",""
"34","1949-10-01","23.67",""
"35","1949-11-01","23.7",""
"36","1949-12-01","23.61",""
"37","1950-01-01","23.51",""
"38","1950-02-01","23.61",""
"39","1950-03-01","23.64",""
"40","1950-04-01","23.65",""
"41","1950-05-01","23.77",""
"42","1950-06-01","23.88",""
"43","1950-07-01","24.07",""
"44","1950-08-01","24.2",""
"45","1950-09-01","24.34",""
"46","1950-10-01","24.5",""
"47","1950-11-01","24.6",""
"48","1950-12-01","24.98",""
"49","1951-01-01","25.38",""
"50","1951-02-01","25.83",""
"51","1951-03-01","25.88",""
"52","1951-04-01","25.92",""
"53","1951-05-01","25.99",""
"54","1951-06-01","25.93",""
"55","1951-07-01","25.91",""
"56","1951-08-01","25.86",""
"57","1951-09-01","26.03",""
"58","1951-10-01","26.16",""
"59","1951-11-01","26.32",""
"60","1951-12-01","26.47",""
"61","1952-01-01","26.45",""
"62","1952-02-01","26.41",""
"63","1952-03-01","26.39",""
"64","1952-04-01","26.46",""
"65","1952-05-01","26.47",""
"66","1952-06-01","26.53",""
"67","1952-07-01","26.68",""
"68","1952-08-01","26.69",""
"69","1952-09-01","26.63",""
"70","1952-10-01","26.69",""
"71","1952-11-01","26.69",""
"72","1952-12-01","26.71",""
"73","1953-01-01","26.64",""
"74","1953-02-01","26.59",""
"75","1953-03-01","26.63",""
"76","1953-04-01","26.69",""
"77","1953-05-01","26.7",""
"78","1953-06-01","26.77",""
"79","1953-07-01","26.79",""
"80","1953-08-01","26.85",""
"81","1953-09-01","26.89",""
"82","1953-10-01","26.95",""
"83","1953-11-01","26.85",""
"84","1953-12-01","26.87",""
"85","1954-01-01","26.94",""
"86","1954-02-01","26.99",""
"87","1954-03-01","26.93",""
"88","1954-04-01","26.86",""
"89","1954-05-01","26.93",""
"90","1954-06-01","26.94",""
"91","1954-07-01","26.86",""
"92","1954-08-01","26.85",""
"93","1954-09-01","26.81",""
"94","1954-10-01","26.72",""
"95","1954-11-01","26.78",""
"96","1954-12-01","26.77",""
"97","1955-01-01","26.77",""
"98","1955-02-01","26.82",""
"99","1955-03-01","26.79",""
"100","1955-04-01","26.79",""
"101","1955-05-01","26.77",""
"102","1955-06-01","26.71",""
"103","1955-07-01","26.76",""
"104","1955-08-01","26.72",""
"105","1955-09-01","26.85",""
"106","1955-10-01","26.82",""
"107","1955-11-01","26.88",""
"108","1955-12-01","26.87",""
"109","1956-01-01","26.83",""
"110","1956-02-01","26.86",""
"111","1956-03-01","26.89",""
"112","1956-04-01","26.93",""
"113","1956-05-01","27.03",""
"114","1956-06-01","27.15",""
"115","1956-07-01","27.29",""
"116","1956-08-01","27.31",""
"117","1956-09-01","27.35",""
"118","1956-10-01","27.51",""
"119","1956-11-01","27.51",""
"120","1956-12-01","27.63",""
"121","1957-01-01","27.67",""
"122","1957-02-01","27.8",""
"123","1957-03-01","27.86",""
"124","1957-04-01","27.93",""
"125","1957-05-01","28",""
"126","1957-06-01","28.11",""
"127","1957-07-01","28.19",""
"128","1957-08-01","28.28",""
"129","1957-09-01","28.32",""
"130","1957-10-01","28.32",""
"131","1957-11-01","28.41",""
"132","1957-12-01","28.47",""
"133","1958-01-01","28.64",""
"134","1958-02-01","28.7",""
"135","1958-03-01","28.87",""
"136","1958-04-01","28.94",""
"137","1958-05-01","28.94",""
"138","1958-06-01","28.91",""
"139","1958-07-01","28.89",""
"140","1958-08-01","28.94",""
"141","1958-09-01","28.91",""
"142","1958-10-01","28.91",""
"143","1958-11-01","28.95",""
"144","1958-12-01","28.97",""
"145","1959-01-01","29.01",""
"146","1959-02-01","29",""
"147","1959-03-01","28.97",""
"148","1959-04-01","28.98",""
"149","1959-05-01","29.04",""
"150","1959-06-01","29.11",""
"151","1959-07-01","29.15",""
"152","1959-08-01","29.18",""
"153","1959-09-01","29.25",""
"154","1959-10-01","29.35",""
"155","1959-11-01","29.35",""
"156","1959-12-01","29.41",""
"157","1960-01-01","29.37",""
"158","1960-02-01","29.41",""
"159","1960-03-01","29.41",""
"160","1960-04-01","29.54",""
"161","1960-05-01","29.57",""
"162","1960-06-01","29.61",""
"163","1960-07-01","29.55",""
"164","1960-08-01","29.61",""
"165","1960-09-01","29.61",""
"166","1960-10-01","29.75",""
"167","1960-11-01","29.78",""
"168","1960-12-01","29.81",""
"169","1961-01-01","29.84",""
"170","1961-02-01","29.84",""
"171","1961-03-01","29.84",""
"172","1961-04-01","29.81",""
"173","1961-05-01","29.84",""
"174","1961-06-01","29.84",""
"175","1961-07-01","29.92",""
"176","1961-08-01","29.94",""
"177","1961-09-01","29.98",""
"178","1961-10-01","29.98",""
"179","1961-11-01","29.98",""
"180","1961-12-01","30.01",""
"181","1962-01-01","30.04",""
"182","1962-02-01","30.11",""
"183","1962-03-01","30.17",""
"184","1962-04-01","30.21",""
"185","1962-05-01","30.24",""
"186","1962-06-01","30.21",""
"187","1962-07-01","30.22",""
"188","1962-08-01","30.28",""
"189","1962-09-01","30.42",""
"190","1962-10-01","30.38",""
"191","1962-11-01","30.38",""
"192","1962-12-01","30.38",""
"193","1963-01-01","30.44",""
"194","1963-02-01","30.48",""
"195","1963-03-01","30.51",""
"196","1963-04-01","30.48",""
"197","1963-05-01","30.51",""
"198","1963-06-01","30.61",""
"199","1963-07-01","30.69",""
"200","1963-08-01","30.75",""
"201","1963-09-01","30.72",""
"202","1963-10-01","30.75",""
"203","1963-11-01","30.78",""
"204","1963-12-01","30.88",""
"205","1964-01-01","30.94",""
"206","1964-02-01","30.91",""
"207","1964-03-01","30.94",""
"208","1964-04-01","30.95",""
"209","1964-05-01","30.98",""
"210","1964-06-01","31.01",""
"211","1964-07-01","31.02",""
"212","1964-08-01","31.05",""
"213","1964-09-01","31.08",""
"214","1964-10-01","31.12",""
"215","1964-11-01","31.21",""
"216","1964-12-01","31.25",""
"217","1965-01-01","31.28",""
"218","1965-02-01","31.28",""
"219","1965-03-01","31.31",""
"220","1965-04-01","31.38",""
"221","1965-05-01","31.48",""
"222","1965-06-01","31.61",""
"223","1965-07-01","31.58",""
"224","1965-08-01","31.55",""
"225","1965-09-01","31.62",""
"226","1965-10-01","31.65",""
"227","1965-11-01","31.75",""
"228","1965-12-01","31.85",""
"229","1966-01-01","31.88",""
"230","1966-02-01","32.08",""
"231","1966-03-01","32.18",""
"232","1966-04-01","32.28",""
"233","1966-05-01","32.35",""
"234","1966-06-01","32.38",""
"235","1966-07-01","32.45",""
"236","1966-08-01","32.65",""
"237","1966-09-01","32.75",""
"238","1966-10-01","32.85",""
"239","1966-11-01","32.88",""
"240","1966-12-01","32.92",""
"241","1967-01-01","32.9",""
"242","1967-02-01","33",""
"243","1967-03-01","33",""
"244","1967-04-01","33.1",""
"245","1967-05-01","33.1",""
"246","1967-06-01","33.3",""
"247","1967-07-01","33.4",""
"248","1967-08-01","33.5",""
"249","1967-09-01","33.6",""
"250","1967-10-01","33.7",""
"251","1967-11-01","33.9",""
"252","1967-12-01","34",""
"253","1968-01-01","34.1",""
"254","1968-02-01","34.2",""
"255","1968-03-01","34.3",""
"256","1968-04-01","34.4",""
"257","1968-05-01","34.5",""
"258","1968-06-01","34.7",""
"259","1968-07-01","34.9",""
"260","1968-08-01","35",""
"261","1968-09-01","35.1",""
"262","1968-10-01","35.3",""
"263","1968-11-01","35.4",""
"264","1968-12-01","35.6",""
"265","1969-01-01","35.7",""
"266","1969-02-01","35.8",""
"267","1969-03-01","36.1",""
"268","1969-04-01","36.3",""
"269","1969-05-01","36.4",""
"270","1969-06-01","36.6",""
"271","1969-07-01","36.8",""
"272","1969-08-01","36.9",""
"273","1969-09-01","37.1",""
"274","1969-10-01","37.3",""
"275","1969-11-01","37.5",""
"276","1969-12-01","37.7",""
"277","1970-01-01","37.9",""
"278","1970-02-01","38.1",""
"279","1970-03-01","38.3",""
"280","1970-04-01","38.5",""
"281","1970-05-01","38.6",""
"282","1970-06-01","38.8",""
"283","1970-07-01","38.9",""
"284","1970-08-01","39",""
"285","1970-09-01","39.2",""
"286","1970-10-01","39.4",""
"287","1970-11-01","39.6",""
"288","1970-12-01","39.8",""
"289","1971-01-01","39.9",""
"290","1971-02-01","39.9",""
"291","1971-03-01","40",""
"292","1971-04-01","40.1",""
"293","1971-05-01","40.3",""
"294","1971-06-01","40.5",""
"295","1971-07-01","40.6",""
"296","1971-08-01","40.7",""
"297","1971-09-01","40.8",""
"298","1971-10-01","40.9",""
"299","1971-11-01","41",""
"300","1971-12-01","41.1",""
"301","1972-01-01","41.2",""
"302","1972-02-01","41.4",""
"303","1972-03-01","41.4",""
"304","1972-04-01","41.5",""
"305","1972-05-01","41.6",""
"306","1972-06-01","41.7",""
"307","1972-07-01","41.8",""
"308","1972-08-01","41.9",""
"309","1972-09-01","42.1",""
"310","1972-10-01","42.2",""
"311","1972-11-01","42.4",""
"312","1972-12-01","42.5",""
"313","1973-01-01","42.7",""
"314","1973-02-01","43",""
"315","1973-03-01","43.4",""
"316","1973-04-01","43.7",""
"317","1973-05-01","43.9",""
"318","1973-06-01","44.2",""
"319","1973-07-01","44.2",""
"320","1973-08-01","45",""
"321","1973-09-01","45.2",""
"322","1973-10-01","45.6",""
"323","1973-11-01","45.9",""
"324","1973-12-01","46.3",""
"325","1974-01-01","46.8",""
"326","1974-02-01","47.3",""
"327","1974-03-01","47.8",""
"328","1974-04-01","48.1",""
"329","1974-05-01","48.6",""
"330","1974-06-01","49",""
"331","1974-07-01","49.3",""
"332","1974-08-01","49.9",""
"333","1974-09-01","50.6",""
"334","1974-10-01","51",""
"335","1974-11-01","51.5",""
"336","1974-12-01","51.9",""
"337","1975-01-01","52.3",""
"338","1975-02-01","52.6",""
"339","1975-03-01","52.8",""
"340","1975-04-01","53",""
"341","1975-05-01","53.1",""
"342","1975-06-01","53.5",""
"343","1975-07-01","54",""
"344","1975-08-01","54.2",""
"345","1975-09-01","54.6",""
"346","1975-10-01","54.9",""
"347","1975-11-01","55.3",""
"348","1975-12-01","55.6",""
"349","1976-01-01","55.8",""
"350","1976-02-01","55.9",""
"351","1976-03-01","56",""
"352","1976-04-01","56.1",""
"353","1976-05-01","56.4",""
"354","1976-06-01","56.7",""
"355","1976-07-01","57",""
"356","1976-08-01","57.3",""
"357","1976-09-01","57.6",""
"358","1976-10-01","57.9",""
"359","1976-11-01","58.1",""
"360","1976-12-01","58.4",""
"361","1977-01-01","58.7",""
"362","1977-02-01","59.3",""
"363","1977-03-01","59.6",""
"364","1977-04-01","60",""
"365","1977-05-01","60.2",""
"366","1977-06-01","60.5",""
"367","1977-07-01","60.8",""
"368","1977-08-01","61.1",""
"369","1977-09-01","61.3",""
"370","1977-10-01","61.6",""
"371","1977-11-01","62",""
"372","1977-12-01","62.3",""
"373","1978-01-01","62.7",""
"374","1978-02-01","63",""
"375","1978-03-01","63.4",""
"376","1978-04-01","63.9",""
"377","1978-05-01","64.5",""
"378","1978-06-01","65",""
"379","1978-07-01","65.5",""
"380","1978-08-01","65.9",""
"381","1978-09-01","66.5",""
"382","1978-10-01","67.1",""
"383","1978-11-01","67.5",""
"384","1978-12-01","67.9",""
"385","1979-01-01","68.5",""
"386","1979-02-01","69.2",""
"387","1979-03-01","69.9",""
"388","1979-04-01","70.6",""
"389","1979-05-01","71.4",""
"390","1979-06-01","72.2",""
"391","1979-07-01","73",""
"392","1979-08-01","73.7",""
"393","1979-09-01","74.4",""
"394","1979-10-01","75.2",""
"395","1979-11-01","76",""
"396","1979-12-01","76.9",""
"397","1980-01-01","78",""
"398","1980-02-01","79",""
"399","1980-03-01","80.1",""
"400","1980-04-01","80.9",""
"401","1980-05-01","81.7",""
"402","1980-06-01","82.5",""
"403","1980-07-01","82.6",""
"404","1980-08-01","83.2",""
"405","1980-09-01","83.9",""
"406","1980-10-01","84.7",""
"407","1980-11-01","85.6",""
"408","1980-12-01","86.4",""
"409","1981-01-01","87.2",""
"410","1981-02-01","88",""
"411","1981-03-01","88.6",""
"412","1981-04-01","89.1",""
"413","1981-05-01","89.7",""
"414","1981-06-01","90.5",""
"415","1981-07-01","91.5",""
"416","1981-08-01","92.2",""
"417","1981-09-01","93.1",""
"418","1981-10-01","93.4",""
"419","1981-11-01","93.8",""
"420","1981-12-01","94.1",""
"421","1982-01-01","94.4",""
"422","1982-02-01","94.7",""
"423","1982-03-01","94.7",""
"424","1982-04-01","95",""
"425","1982-05-01","95.9",""
"426","1982-06-01","97",""
"427","1982-07-01","97.5",""
"428","1982-08-01","97.7",""
"429","1982-09-01","97.7",""
"430","1982-10-01","98.1",""
"431","1982-11-01","98",""
"432","1982-12-01","97.7",""
"433","1983-01-01","97.9",""
"434","1983-02-01","98",""
"435","1983-03-01","98.1",""
"436","1983-04-01","98.8",""
"437","1983-05-01","99.2",""
"438","1983-06-01","99.4",""
"439","1983-07-01","99.8",""
"440","1983-08-01","100.1",""
"441","1983-09-01","100.4",""
"442","1983-10-01","100.8",""
"443","1983-11-01","101.1",""
"444","1983-12-01","101.4",""
"445","1984-01-01","102.1",""
"446","1984-02-01","102.6",""
"447","1984-03-01","102.9",""
"448","1984-04-01","103.3",""
"449","1984-05-01","103.5",""
"450","1984-06-01","103.7",""
"451","1984-07-01","104.1",""
"452","1984-08-01","104.4",""
"453","1984-09-01","104.7",""
"454","1984-10-01","105.1",""
"455","1984-11-01","105.3",""
"456","1984-12-01","105.5",""
"457","1985-01-01","105.7",""
"458","1985-02-01","106.3",""
"459","1985-03-01","106.8",""
"460","1985-04-01","107",""
"461","1985-05-01","107.2",""
"462","1985-06-01","107.5",""
"463","1985-07-01","107.7",""
"464","1985-08-01","107.9",""
"465","1985-09-01","108.1",""
"466","1985-10-01","108.5",""
"467","1985-11-01","109",""
"468","1985-12-01","109.5",""
"469","1986-01-01","109.9",""
"470","1986-02-01","109.7",""
"471","1986-03-01","109.1",""
"472","1986-04-01","108.7",""
"473","1986-05-01","109",""
"474","1986-06-01","109.4",""
"475","1986-07-01","109.5",""
"476","1986-08-01","109.6",""
"477","1986-09-01","110",""
"478","1986-10-01","110.2",""
"479","1986-11-01","110.4",""
"480","1986-12-01","110.8",""
"481","1987-01-01","111.4",""
"482","1987-02-01","111.8",""
"483","1987-03-01","112.2",""
"484","1987-04-01","112.7",""
"485","1987-05-01","113",""
"486","1987-06-01","113.5",""
"487","1987-07-01","113.8",""
"488","1987-08-01","114.3",""
"489","1987-09-01","114.7",""
"490","1987-10-01","115",""
"491","1987-11-01","115.4",""
"492","1987-12-01","115.6",""
"493","1988-01-01","116",""
"494","1988-02-01","116.2",""
"495","1988-03-01","116.5",""
"496","1988-04-01","117.2",""
"497","1988-05-01","117.5",""
"498","1988-06-01","118",""
"499","1988-07-01","118.5",""
"500","1988-08-01","119",""
"501","1988-09-01","119.5",""
"502","1988-10-01","119.9",""
"503","1988-11-01","120.3",""
"504","1988-12-01","120.7",""
"505","1989-01-01","121.2",""
"506","1989-02-01","121.6",""
"507","1989-03-01","122.2",""
"508","1989-04-01","123.1",""
"509","1989-05-01","123.7",""
"510","1989-06-01","124.1",""
"511","1989-07-01","124.5",""
"512","1989-08-01","124.5",""
"513","1989-09-01","124.8",""
"514","1989-10-01","125.4",""
"515","1989-11-01","125.9",""
"516","1989-12-01","126.3",""
"517","1990-01-01","127.5",""
"518","1990-02-01","128",""
"519","1990-03-01","128.6",""
"520","1990-04-01","128.9",""
"521","1990-05-01","129.1",""
"522","1990-06-01","129.9",""
"523","1990-07-01","130.5",""
"524","1990-08-01","131.6",""
"525","1990-09-01","132.5",""
"526","1990-10-01","133.4",""
"527","1990-11-01","133.7",""
"528","1990-12-01","134.2",""
"529","1991-01-01","134.7",""
"530","1991-02-01","134.8",""
"531","1991-03-01","134.8",""
"532","1991-04-01","135.1",""
"533","1991-05-01","135.6",""
"534","1991-06-01","136",""
"535","1991-07-01","136.2",""
"536","1991-08-01","136.6",""
"537","1991-09-01","137",""
"538","1991-10-01","137.2",""
"539","1991-11-01","137.8",""
"540","1991-12-01","138.2",""
"541","1992-01-01","138.3",""
"542","1992-02-01","138.6",""
"543","1992-03-01","139.1",""
"544","1992-04-01","139.4",""
"545","1992-05-01","139.7",""
"546","1992-06-01","140.1",""
"547","1992-07-01","140.5",""
"548","1992-08-01","140.8",""
"549","1992-09-01","141.1",""
"550","1992-10-01","141.7",""
"551","1992-11-01","142.1",""
"552","1992-12-01","142.3",""
"553","1993-01-01","142.8",""
"554","1993-02-01","143.1",""
"555","1993-03-01","143.3",""
"556","1993-04-01","143.8",""
"557","1993-05-01","144.2",""
"558","1993-06-01","144.3",""
"559","1993-07-01","144.5",""
"560","1993-08-01","144.8",""
"561","1993-09-01","145",""
"562","1993-10-01","145.6",""
"563","1993-11-01","146",""
"564","1993-12-01","146.3",""
"565","1994-01-01","146.3",""
"566","1994-02-01","146.7",""
"567","1994-03-01","147.1",""
"568","1994-04-01","147.2",""
"569","1994-05-01","147.5",""
"570","1994-06-01","147.9",""
"571","1994-07-01","148.4",""
"572","1994-08-01","149",""
"573","1994-09-01","149.3",""
"574","1994-10-01","149.4",""
"575","1994-11-01","149.8",""
"576","1994-12-01","150.1",""
"577","1995-01-01","150.5",""
"578","1995-02-01","150.9",""
"579","1995-03-01","151.2",""
"580","1995-04-01","151.8",""
"581","1995-05-01","152.1",""
"582","1995-06-01","152.4",""
"583","1995-07-01","152.6",""
"584","1995-08-01","152.9",""
"585","1995-09-01","153.1",""
"586","1995-10-01","153.5",""
"587","1995-11-01","153.7",""
"588","1995-12-01","153.9",""
"589","1996-01-01","154.7",""
"590","1996-02-01","155",""
"591","1996-03-01","155.5",""
"592","1996-04-01","156.1",""
"593","1996-05-01","156.4",""
"594","1996-06-01","156.7",""
"595","1996-07-01","157",""
"596","1996-08-01","157.2",""
"597","1996-09-01","157.7",""
"598","1996-10-01","158.2",""
"599","1996-11-01","158.7",""
"600","1996-12-01","159.1",""
"601","1997-01-01","159.4",""
"602","1997-02-01","159.7",""
"603","1997-03-01","159.8",""
"604","1997-04-01","159.9",""
"605","1997-05-01","159.9",""
"606","1997-06-01","160.2",""
"607","1997-07-01","160.4",""
"608","1997-08-01","160.8",""
"609","1997-09-01","161.2",""
"610","1997-10-01","161.5",""
"611","1997-11-01","161.7",""
"612","1997-12-01","161.8",""
"613","1998-01-01","162",""
"614","1998-02-01","162",""
"615","1998-03-01","162",""
"616","1998-04-01","162.2",""
"617","1998-05-01","162.6",""
"618","1998-06-01","162.8",""
"619","1998-07-01","163.2",""
"620","1998-08-01","163.4",""
"621","1998-09-01","163.5",""
"622","1998-10-01","163.9",""
"623","1998-11-01","164.1",""
"624","1998-12-01","164.4",""
"625","1999-01-01","164.7",""
"626","1999-02-01","164.7",""
"627","1999-03-01","164.8",""
"628","1999-04-01","165.9",""
"629","1999-05-01","166",""
"630","1999-06-01","166",""
"631","1999-07-01","166.7",""
"632","1999-08-01","167.1",""
"633","1999-09-01","167.8",""
"634","1999-10-01","168.1",""
"635","1999-11-01","168.4",""
"636","1999-12-01","168.8",""
"637","2000-01-01","169.3",""
"638","2000-02-01","170",""
"639","2000-03-01","171",""
"640","2000-04-01","170.9",""
"641","2000-05-01","171.2",""
"642","2000-06-01","172.2",""
"643","2000-07-01","172.7",""
"644","2000-08-01","172.7",""
"645","2000-09-01","173.6",""
"646","2000-10-01","173.9",""
"647","2000-11-01","174.2",""
"648","2000-12-01","174.6",""
"649","2001-01-01","175.6",""
"650","2001-02-01","176",""
"651","2001-03-01","176.1",""
"652","2001-04-01","176.4",""
"653","2001-05-01","177.3",""
"654","2001-06-01","177.7",""
"655","2001-07-01","177.4",""
"656","2001-08-01","177.4",""
"657","2001-09-01","178.1",""
"658","2001-10-01","177.6",""
"659","2001-11-01","177.5",""
"660","2001-12-01","177.4",""
"661","2002-01-01","177.7",""
"662","2002-02-01","178",""
"663","2002-03-01","178.5",""
"664","2002-04-01","179.3",""
"665","2002-05-01","179.5",""
"666","2002-06-01","179.6",""
"667","2002-07-01","180",""
"668","2002-08-01","180.5",""
"669","2002-09-01","180.8",""
"670","2002-10-01","181.2",""
"671","2002-11-01","181.5",""
"672","2002-12-01","181.8",""
"673","2003-01-01","182.6",""
"674","2003-02-01","183.6",""
"675","2003-03-01","183.9",""
"676","2003-04-01","183.2",""
"677","2003-05-01","182.9",""
"678","2003-06-01","183.1",""
"679","2003-07-01","183.7",""
"680","2003-08-01","184.5",""
"681","2003-09-01","185.1",""
"682","2003-10-01","184.9",""
"683","2003-11-01","185",""
"684","2003-12-01","185.5",""
"685","2004-01-01","186.3",""
"686","2004-02-01","186.7",""
"687","2004-03-01","187.1",""
"688","2004-04-01","187.4",""
"689","2004-05-01","188.2",""
"690","2004-06-01","188.9",""
"691","2004-07-01","189.1",""
"692","2004-08-01","189.2",""
"693","2004-09-01","189.8",""
"694","2004-10-01","190.8",""
"695","2004-11-01","191.7",""
"696","2004-12-01","191.7",""
"697","2005-01-01","191.6",""
"698","2005-02-01","192.4",""
"699","2005-03-01","193.1",""
"700","2005-04-01","193.7",""
"701","2005-05-01","193.6",""
"702","2005-06-01","193.7",""
"703","2005-07-01","194.9",""
"704","2005-08-01","196.1",""
"705","2005-09-01","198.8",""
"706","2005-10-01","199.1",""
"707","2005-11-01","198.1",""
"708","2005-12-01","198.1",""
"709","2006-01-01","199.3",""
"710","2006-02-01","199.4",""
"711","2006-03-01","199.7",""
"712","2006-04-01","200.7",""
"713","2006-05-01","201.3",""
"714","2006-06-01","201.8",""
"715","2006-07-01","202.9",""
"716","2006-08-01","203.8",""
"717","2006-09-01","202.8",""
"718","2006-10-01","201.9",""
"719","2006-11-01","202",""
"720","2006-12-01","203.1",""
"721","2007-01-01","203.437",""
"722","2007-02-01","204.226",""
"723","2007-03-01","205.288",""
"724","2007-04-01","205.904",""
"725","2007-05-01","206.755",""
"726","2007-06-01","207.234",""
"727","2007-07-01","207.603",""
"728","2007-08-01","207.667",""
"729","2007-09-01","208.547",""
"730","2007-10-01","209.19",""
"731","2007-11-01","210.834",""
"732","2007-12-01","211.445",""
"733","2008-01-01","212.174",""
"734","2008-02-01","212.687",""
"735","2008-03-01","213.448",""
"736","2008-04-01","213.942",""
"737","2008-05-01","215.208",""
"738","2008-06-01","217.463",""
"739","2008-07-01","219.016",""
"740","2008-08-01","218.69",""
"741","2008-09-01","218.877",""
"742","2008-10-01","216.995",""
"743","2008-11-01","213.153",""
"744","2008-12-01","211.398",""
"745","2009-01-01","211.933",""
"746","2009-02-01","212.705",""
"747","2009-03-01","212.495",""
"748","2009-04-01","212.709",""
"749","2009-05-01","213.022",""
"750","2009-06-01","214.79",""
"751","2009-07-01","214.726",""
"752","2009-08-01","215.445",""
"753","2009-09-01","215.861",""
"754","2009-10-01","216.509",""
"755","2009-11-01","217.234",""
"756","2009-12-01","217.347",""
"757","2010-01-01","217.488",""
"758","2010-02-01","217.281",""
"759","2010-03-01","217.353",""
"760","2010-04-01","217.403",""
"761","2010-05-01","217.29",""
"762","2010-06-01","217.199",""
"763","2010-07-01","217.605",""
"764","2010-08-01","217.923",""
"765","2010-09-01","218.275",""
"766","2010-10-01","219.035",""
"767","2010-11-01","219.59",""
"768","2010-12-01","220.472",""
"769","2011-01-01","221.187",""
"770","2011-02-01","221.898",""
"771","2011-03-01","223.046",""
"772","2011-04-01","224.093",""
"773","2011-05-01","224.806",""
"774","2011-06-01","224.806",""
"775","2011-07-01","225.395",""
"776","2011-08-01","226.106",""
"777","2011-09-01","226.597",""
"778","2011-10-01","226.75",""
"779","2011-11-01","227.169",""
"780","2011-12-01","227.223",""
"781","2012-01-01","227.842",""
"782","2012-02-01","228.329",""
"783","2012-03-01","228.807",""
"784","2012-04-01","229.187",""
"785","2012-05-01","228.713",""
"786","2012-06-01","228.524",""
"787","2012-07-01","228.59",""
"788","2012-08-01","229.918",""
"789","2012-09-01","231.015",""
"790","2012-10-01","231.638",""
"791","2012-11-01","231.249",""
"792","2012-12-01","231.221",""
"793","2013-01-01","231.679",""
"794","2013-02-01","232.937",""
"795","2013-03-01","232.282",""
"796","2013-04-01","231.797",""
"797","2013-05-01","231.893",""
"798","2013-06-01","232.445",""
"799","2013-07-01","232.9",""
"800","2013-08-01","233.456",""
"801","2013-09-01","233.544",""
"802","2013-10-01","233.669",""
"803","2013-11-01","234.1",""
"804","2013-12-01","234.719",""
"805","2014-01-01","235.288",""
"806","2014-02-01","235.547",""
"807","2014-03-01","236.028",""
"808","2014-04-01","236.468",""
"809","2014-05-01","236.918",""
"810","2014-06-01","237.231",""
"811","2014-07-01","237.498",""
"812","2014-08-01","237.46",""
"813","2014-09-01","237.477",""
"814","2014-10-01","237.43",""
"815","2014-11-01","236.983",""
"816","2014-12-01","236.252",""
"817","2015-01-01","234.747",""
"818","2015-02-01","235.342",""
"819","2015-03-01","235.976",""
"820","2015-04-01","236.222",""
"821","2015-05-01","237.001",""
"822","2015-06-01","237.657",""
"823","2015-07-01","238.034",""
"824","2015-08-01","238.033",""
"825","2015-09-01","237.498",""
"826","2015-10-01","237.733",""
"827","2015-11-01","238.017",""
"828","2015-12-01","237.761",""
"829","2016-01-01","237.652",""
"830","2016-02-01","237.336",""
"831","2016-03-01","238.08",""
"832","2016-04-01","238.992",""
"833","2016-05-01","239.557",""
"834","2016-06-01","240.222",""
"835","2016-07-01","240.101",""
"836","2016-08-01","240.545",""
"837","2016-09-01","241.176",""
"838","2016-10-01","241.741",""
"839","2016-11-01","242.026",""
"840","2016-12-01","242.637",""
"841","2017-01-01","243.618",""
"842","2017-02-01","244.006",""
"843","2017-03-01","243.892",""
"844","2017-04-01","244.193",""
"845","2017-05-01","244.004",""
"846","2017-06-01","244.163",""
"847","2017-07-01","244.243",""
"848","2017-08-01","245.183",""
"849","2017-09-01","246.435",""
"850","2017-10-01","246.626",""
"851","2017-11-01","247.284",""
"852","2017-12-01","247.805",""
"853","2018-01-01","248.859",""
"854","2018-02-01","249.529",""
"855","2018-03-01","249.577",""
"856","2018-04-01","250.227",""
"857","2018-05-01","250.792",""
"858","2018-06-01","251.018",""
"859","2018-07-01","251.214",""
"860","2018-08-01","251.663",""
"861","2018-09-01","252.182",""
"862","2018-10-01","252.772",""
"863","2018-11-01","252.594",""
"864","2018-12-01","252.767",""
"865","2019-01-01","252.718",""
"866","2019-02-01","253.322",""
"867","2019-03-01","254.202",""
"868","2019-04-01","255.211",""
"869","2019-05-01","255.29",""
"870","2019-06-01","255.159",""
"871","2019-07-01","255.685",""
"872","2019-08-01","256.059",""
"873","2019-09-01","256.511",""
"874","2019-10-01","257.244",""
"875","2019-11-01","257.803",""
"876","2019-12-01","258.616",""
"877","2020-01-01","259.037",""
"878","2020-02-01","259.248",""
"879","2020-03-01","258.124",""
"880","2020-04-01","256.092",""
"881","2020-05-01","255.868",""
"882","2020-06-01","256.986",""
"883","2020-07-01","258.278",""
"884","2020-08-01","259.411",""
"885","2020-09-01","260.029",""
"886","2020-10-01","260.286",""
"887","2020-11-01","260.813",""
"888","2020-12-01","262.035",""
"889","2021-01-01","262.65",""
"890","2021-02-01","263.638",""
"891","2021-03-01","264.914",""
"892","2021-04-01","266.67",""
"893","2021-05-01","268.444",""
"894","2021-06-01","270.559",""
"895","2021-07-01","271.764",""
"896","2021-08-01","272.87",""
"897","2021-09-01","274.028",""
"898","2021-10-01","276.522",""
"899","2021-11-01","278.711",""
"900","2021-12-01","280.887",""
"901","2022-01-01","282.599",""
"902","2022-02-01","284.61",""
"903","2022-03-01","287.472",""
"904","2022-04-01","288.611",""
"905","2022-05-01","291.268",""
"906","2022-06-01","294.728",""
"907","2022-07-01","294.628",""
"908","2022-08-01","295.32",""
"909","2022-09-01","296.539",""
"910","2022-10-01","297.987",""
"911","2022-11-01","298.598",""
"912","2022-12-01","298.99",""
"913","2023-01-01","300.536",""
"914","2023-02-01","301.648",""
"915","2023-03-01","301.808",""
"916","2023-04-01","302.918",""
"917","2023-05-01","303.294",""
"918","2023-06-01","303.841",""
